taxa,altname
Acanthophora spicifera,
Acrosorium yendoi,
Acrotylus australis,
Actinotrichia fragilis,
Aglaothamnion sepositum,
Ahnfeltia plicata,
Amansia glomerata,
Amphiroa foliacea,
Amphiroa fragilissima,
Anotrichium crinitum,
Apophlaea lyallii,
Asparagopsis armata,
Asparagopsis taxiformis,Asparogopsis taxiformis
Audouinella floridula,
Ballia callitricha,
Bellotia eriophorum,
Bonnemaisonia hamifera,Trailliella intricata
Bornetia secundiflora,
Bostrychia arbuscula,Stictosiphonia arbuscula
Bostrychia scorpioides,
Botryocladia botryoides,
Brongniartella australis,
Brongniartella byssoides,
Callithamnion corymbosum,
Callithamnion pikeanum,
Callithamnion tetragonum,
Callophycus harveyanus,
Callophycus oppositifolius,
Callophyllis calliblephrioides,Callophyllus calliblephrioides
Callophyllis cervicornis,
Callophyllis cristata,Callophyllus cristata
Callophyllis depressa,
Callophyllis laciniata,Callophyllus laciniata
Callophyllis lambertii,
Callophyllis rangiferina,
Catenella caespitosa,
Ceramium rubrum,
Ceramium shuttleworthianum,
Champia compressa,
Chondracanthus acicularis,
Chondracanthus tenellus,
Chondria dasyphylla,
Chondria incrassata,
Chondrus crispus,
Chondrus ocellatus,
Chylocladia verticillata,
Corallina elongata,
Corallina frondescens,
Corallina officinalis,Corallina chilensis
Corallina pinatifolia,
Corallina vancouveriensis,
Craspedocarpus venosus,
Cryptopleura ramosa,
Cryptopleura ruprechtiana,
Cumagloia andersonii,
Curdiea angustata,
Curdiea racovitzae,
Cystoclonium purpureum,
Dasya corymbifera,
Dasya iridescens,
Delesseria sanguinea,
Delesseria serrulata,
Delisea hypneoides,
Delisea plumosa,
Delisea pulchra,
Dichotomaria marginata,
Dictyomenia sonderi,
Digenea simplex,Digenia simplex
Dilsea carnosa,
Dilsea pygmaea,
Dumontia contorta,
Echinothamnion australis,
Echinothamnion lyallii,
Endocladia muricata,
Euptilota articulata,
Euptilota formosissima,
Furcellaria lumbricalis,
Galaxaura marginata,
Galaxaura rugosa,
Gelidium amansii,
Gelidium australe,
Gelidium latifolium,
Gelidium pristoides,
Gelidium spinosum,
Georgiella confluens,
Gibsmithia hawaiiensis,
Gigartina acicularis,
Gigartina circumcincta,
Gigartina clavifera,
Gigartina dilitata,
Gigartina livida,
Gigartina marginifera,
Gigartina skottsbergii,
Gloiocladia polycarpa,
Gloiopeltis tenax,
Gloiosaccion brownii,
Gloiosiphonia capillaries,
Gracilaria arcuata,
Gracilaria bursa-pastoris,Gracilaria compressa
Gracilaria chilensis,
Gracilaria coronopifolia,
Gracilaria eucheumatoides,
Gracilaria gigas,
Gracilaria gracilis,Gracilaria gracillis
Gracilaria salicornia,
Gracilaria secundata,
Gracilaria tikviahae,
Gracilaria verrucosa,
Gracilariopsis longissima,
Grateloupia chiangii,Prionitis divaricata
Grateloupia cornea,Prionitis cornea
Grateloupia elliptica,
Grateloupia ramosissima,Prionitis ramosissima
Grateloupia setchelli,
Gymnogongrus crenulatus,
Halicnide similans,
Halopeltis australis,Rhodymenia australis
Halopithys incurva,
Halopitys uncunatus,Halopithys uncunatus
Haloplegma duperreyi,
Halosaccion glandiforme,
Halurus equisetifolius,
Halymenia dilatata,
Halymenia durvillaei,
Halymenia microcarpa,
Hemineura frondosa,
Heterosiphonia concinna,
Heterosiphonia japonica,
Heterosiphonia plumosa,
Hildenbrandia rivularis,
Hydrolithon onkodes,
Hymenena affinis,
Hymenena durvilleai,
Hymenena multiloba,
Hymenena palmata,
Hymenocladia chondricola,
Hypnea japonica,
Hypnea musciformis,
Hypnea pannosa,
Hypnea saccharina,
Hypnea spicifera,
Hypnea spinella,
Hypnea volubilis,
Hypoglossum hypoglossoides,
Hypoglossum simulans,
Iridaea cordata,
Jania micrarthandia,Jania micrarthrodia
Jania rosea,Haliptilon roseum
Jania rubens,
Jania sagittatum,Cheilosporum sagittatum
Jeannerettia lobata,
Kallymenia antarctica,
Laurencia botryoides,
Laurencia hybrida,
Laurencia majuscula,
Laurencia nipponica,Laurencia niponica
Laurencia obtusa,
Laurencia pacifica,
Lemanea mamillosa,
Lenormandia marginata,
Liagora viscida,
Liagoropsis schrammi,
Lomentaria articulata,
Lomentaria catenata,
Lomentaria clavellosa,
Lophocladia lallemandii,
Martensia denticulata,
Mastocarpus alaskensis,
Mastocarpus cristatus,Gigartina cristata
Mastocarpus jardinii,
Mastocarpus stellatus,Mastocarpus stellata
Mastophoropsis canaliculata,
Mazzaella affinis,
Mazzaella flaccida,Iridaea flaccida
Mazzaella parksii,
Mazzaella splendens,
Membranoptera alata,
Metamastophora flabellata,Metamastophora flabelata
Microcladia borealis,
Mychodea aciculare,
Myriogramme crispata,Myriogrammae crispata
Myriogramme gunniana,Myriogrammae gunniana
Myriogramme manginii,
Neogoniolithon brassica-florida,
Neorhodomela larix,
Neuroglossum delesseriae,Neuroglossum ligulatum
Nitophyllum pulchellum,
Nitophyllum punctatum,
Odonthalia dentata,
Opuntiella californica,
Osmundaria prolifera,
Osmundea pinnatifida,Laurencia pinnatifida
Osmundea spectabilis,
Pachymenia lusoria,
Palisada perforata,Chondrophycus papillosus
Palmaria decipiens,
Palmaria palmata,
Parviphycus pannosus,Gelidiella pannosa
Peyssonnelia inamoena,
Phacelocarpus peperocarpos,Phacelocarpous peperocarpos
Phycodrys antarctica,
Phycodrys rubens,
Phyllophora antarctica,
Phyllophora crispa,
Phymatolithon masonianum,
Plocamium angustum,
Plocamium cartilagineum,
Plocamium costata,
Plocamium dilatatum,
Plocamium mertensii,
Plocamium microcladioides,
Plocamium preissianum,
Plocamium telfairiae,
Plocamium violacum,
Plumaria plumosa,Plumaria elegans
Pollexfenia lobata,
Polycoelia laciniata,
Polyides rotunda,Polyides rotundus
Polyopes constrictus,
Polysiphonia brodiaei,
Polysiphonia elongata,
Polysiphonia fibrillosa,
Polysiphonia fucoides,
Polysiphonia lanosa,
Polysiphonia nigra,
Polysiphonia stricta,
Porphyra endiviifolium,
Porphyra leucosticta,
Porphyra perforata,
Porphyra purpurea,
Porphyra umbilicalis,
Portieria hornemannii,
Pterocladiella capillacea,Pterocladia capillacea
Ptilonia australasica,
Ptilonia subulifera,
Ptilophora mediterranea,Ptilophora mediterranean
Ptilota gunneri,
Ptilota plumosa,
Ptilota serrata,
Rhodomela confervoides,
Rhodomela lycopodoides,
Rhodophyllis membranacea,Rhodophyllis gunnii
Rhodophyllis multipartita,
Rhodothamniella floridula,Rhodochorton floridulum
Rhodymenia california,
Rhodymenia pseudopalmata,
Rytiphlaea tinctoria,
Schizoseris hymenena,
Schizymenia dubyi,
Schizymenia pacifica,
Schottera nicaeensis,
Scinaia tsinglanensis,
Solieria robusta,
Sonderopelta coriacea,
Sphaerococcus coronopifolius,
Spongoclonium pastorale,
Stenogramma interruptum,Stenogramme interruptum
Symphyocladia latiuscula,
Thamnoclonium dichotomum,
Trematocarpus antarcticus,
Tricleocarpa cylindrica,
Tylotus obtusatus,
Vertebrata lanosa,
Weeksia coccinea,
Wrightiella blodgetti,
Yamadaella caenomyce,
Yuzurua poiteaui,Palisada poiteaui
