"class","order","family","genus"
"Florideophyceae","Ceramiales","Rhodomelaceae","Acanthophora"
"Florideophyceae","Ceramiales","Delesseriaceae","Acrosorium"
"Florideophyceae","Gigartinales","Acrotylaceae","Acrotylus"
"Florideophyceae","Nemaliales","Galaxauraceae","Actinotrichia"
"Florideophyceae","Ceramiales","Ceramiaceae","Aglaothamnion"
"Florideophyceae","Ahnfeltiales","Ahnfeltiaceae","Ahnfeltia"
"Florideophyceae","Ceramiales","Rhodomelaceae","Amansia"
"Florideophyceae","Corallinales","Corallinaceae","Amphiroa"
"Florideophyceae","Ceramiales","Ceramiaceae","Anotrichium"
"Florideophyceae","Hildenbrandiales","Hildenbrandiaceae","Apophlaea"
"Florideophyceae","Bonnemaisoniales","Bonnemaisoniaceae","Asparagopsis"
"Florideophyceae","Acrochaetiales","Acrochaetiaceae","Audouinella"
"Florideophyceae","Balliales","Balliaceae","Ballia"
"Florideophyceae","Ceramiales","Rhodomelaceae","Bostrychia"
"Florideophyceae","Rhodymeniales","Rhodymeniaceae","Botryocladia"
"Florideophyceae","Ceramiales","Rhodomelaceae","Brongniartella"
"Florideophyceae","Ceramiales","Ceramiaceae","Callithamnion"
"Florideophyceae","Gigartinales","Solieriaceae","Callophycus"
"Florideophyceae","Gigartinales","Kallymeniaceae","Callophyllis"
"Florideophyceae","Gigartinales","Caulacanthaceae","Catenella"
"Florideophyceae","Ceramiales","Ceramiaceae","Ceramium"
"Florideophyceae","Rhodymeniales","Champiaceae","Champia"
"Florideophyceae","Gigartinales","Gigartinaceae","Chondracanthus"
"Florideophyceae","Ceramiales","Rhodomelaceae","Chondria"
"Florideophyceae","Gigartinales","Gigartinaceae","Chondrus"
"Florideophyceae","Rhodymeniales","Champiaceae","Chylocladia"
"Florideophyceae","Corallinales","Corallinaceae","Corallina"
"Florideophyceae","Gigartinales","Cystocloniaceae","Craspedocarpus"
"Florideophyceae","Ceramiales","Delesseriaceae","Cryptopleura"
"Florideophyceae","Nemaliales","Liagoraceae","Cumagloia"
"Florideophyceae","Gracilariales","Gracilariaceae","Curdiea"
"Florideophyceae","Gigartinales","Cystocloniaceae","Cystoclonium"
"Florideophyceae","Ceramiales","Dasyaceae","Dasya"
"Florideophyceae","Ceramiales","Delesseriaceae","Delesseria"
"Florideophyceae","Bonnemaisoniales","Bonnemaisoniaceae","Delisea"
"Florideophyceae","Nemaliales","Galaxauraceae","Dichotomaria"
"Florideophyceae","Ceramiales","Rhodomelaceae","Digenea"
"Florideophyceae","Gigartinales","Dumontiaceae","Dilsea"
"Florideophyceae","Gigartinales","Dumontiaceae","Dumontia"
"Florideophyceae","Gigartinales","Endocladiaceae","Endocladia"
"Florideophyceae","Ceramiales","Ceramiaceae","Euptilota"
"Florideophyceae","Gigartinales","Furcellariaceae","Furcellaria"
"Florideophyceae","Nemaliales","Galaxauraceae","Galaxaura"
"Florideophyceae","Gelidiales","Gelidiaceae","Gelidium"
"Florideophyceae","Ceramiales","Ceramiaceae","Georgiella"
"Florideophyceae","Gigartinales","Dumontiaceae","Gibsmithia"
"Florideophyceae","Gigartinales","Gigartinaceae","Gigartina"
"Florideophyceae","Rhodymeniales","Faucheaceae","Gloiocladia"
"Florideophyceae","Gigartinales","Endocladiaceae","Gloiopeltis"
"Florideophyceae","Rhodymeniales","Rhodymeniaceae","Gloiosaccion"
"Florideophyceae","Gigartinales","Gloiosiphoniaceae","Gloiosiphonia"
"Florideophyceae","Gracilariales","Gracilariaceae","Gracilaria"
"Florideophyceae","Gracilariales","Gracilariaceae","Gracilariopsis"
"Florideophyceae","Halymeniales","Halymeniaceae","Grateloupia"
"Florideophyceae","Gigartinales","Phyllophoraceae","Gymnogongrus"
"Florideophyceae","Rhodymeniales","Rhodymeniaceae","Halopeltis"
"Florideophyceae","Ceramiales","Rhodomelaceae","Halopithys"
"Florideophyceae","Ceramiales","Wrangeliaceae","Haloplegma"
"Florideophyceae","Palmariales","Palmariaceae","Halosaccion"
"Florideophyceae","Ceramiales","Ceramiaceae","Halurus"
"Florideophyceae","Halymeniales","Halymeniaceae","Halymenia"
"Florideophyceae","Ceramiales","Delesseriaceae","Hemineura"
"Florideophyceae","Ceramiales","Dasyaceae","Heterosiphonia"
"Florideophyceae","Hildenbrandiales","Hildenbrandiaceae","Hildenbrandia"
"Florideophyceae","Corallinales","Corallinaceae","Hydrolithon"
"Florideophyceae","Ceramiales","Delesseriaceae","Hymenena"
"Florideophyceae","Rhodymeniales","Hymenocladiaceae","Hymenocladia"
"Florideophyceae","Gigartinales","Hypneaceae","Hypnea"
"Florideophyceae","Ceramiales","Delesseriaceae","Hypoglossum"
"Florideophyceae","Gigartinales","Gigartinaceae","Iridaea"
"Florideophyceae","Corallinales","Corallinaceae","Jania"
"Florideophyceae","Gigartinales","Kallymeniaceae","Kallymenia"
"Florideophyceae","Ceramiales","Rhodomelaceae","Laurencia"
"Florideophyceae","Batrachospermales","Lemaneaceae","Lemanea"
"Florideophyceae","Ceramiales","Rhodomelaceae","Lenormandia"
"Florideophyceae","Nemaliales","Liagoraceae","Liagora"
"Florideophyceae","Nemaliales","Liagoraceae","Liagoropsis"
"Florideophyceae","Rhodymeniales","Lomentariaceae","Lomentaria"
"Florideophyceae","Ceramiales","Rhodomelaceae","Lophocladia"
"Florideophyceae","Ceramiales","Delesseriaceae","Martensia"
"Florideophyceae","Gigartinales","Phyllophoraceae","Mastocarpus"
"Florideophyceae","Hapalidiales","Hapalidiaceae","Mastophoropsis"
"Florideophyceae","Gigartinales","Gigartinaceae","Mazzaella"
"Florideophyceae","Ceramiales","Delesseriaceae","Membranoptera"
"Florideophyceae","Corallinales","Corallinaceae","Metamastophora"
"Florideophyceae","Ceramiales","Ceramiaceae","Microcladia"
"Florideophyceae","Gigartinales","Mychodeaceae","Mychodea"
"Florideophyceae","Ceramiales","Delesseriaceae","Myriogramme"
"Florideophyceae","Corallinales","Corallinaceae","Neogoniolithon"
"Florideophyceae","Ceramiales","Rhodomelaceae","Neorhodomela"
"Florideophyceae","Ceramiales","Delesseriaceae","Neuroglossum"
"Florideophyceae","Ceramiales","Delesseriaceae","Nitophyllum"
"Florideophyceae","Ceramiales","Rhodomelaceae","Odonthalia"
"Florideophyceae","Ceramiales","Rhodomelaceae","Osmundaria"
"Florideophyceae","Ceramiales","Rhodomelaceae","Osmundea"
"Florideophyceae","Halymeniales","Halymeniaceae","Pachymenia"
"Florideophyceae","Ceramiales","Rhodomelaceae","Palisada"
"Florideophyceae","Palmariales","Palmariaceae","Palmaria"
"Florideophyceae","Gelidiales","Gelidiaceae","Parviphycus"
"Florideophyceae","Gigartinales","Peyssonneliaceae","Peyssonnelia"
"Florideophyceae","Gigartinales","Phacelocarpaceae","Phacelocarpus"
"Florideophyceae","Ceramiales","Delesseriaceae","Phycodrys"
"Florideophyceae","Gigartinales","Phyllophoraceae","Phyllophora"
"Florideophyceae","Hapalidiales","Hapalidiaceae","Phymatolithon"
"Florideophyceae","Plocamiales","Plocamiaceae","Plocamium"
"Florideophyceae","Ceramiales","Ceramiaceae","Plumaria"
"Florideophyceae","Ceramiales","Delesseriaceae","Pollexfenia"
"Florideophyceae","Gigartinales","Kallymeniaceae","Polycoelia"
"Florideophyceae","Gigartinales","Polyideaceae","Polyides"
"Florideophyceae","Halymeniales","Halymeniaceae","Polyopes"
"Florideophyceae","Ceramiales","Rhodomelaceae","Polysiphonia"
"Bangiophyceae","Bangiales","Bangiaceae","Porphyra"
"Florideophyceae","Gigartinales","Rhizophyllidaceae","Portieria"
"Florideophyceae","Gelidiales","Gelidiaceae","Pterocladiella"
"Florideophyceae","Bonnemaisoniales","Bonnemaisoniaceae","Ptilonia"
"Florideophyceae","Gelidiales","Gelidiaceae","Ptilophora"
"Florideophyceae","Ceramiales","Ceramiaceae","Ptilota"
"Florideophyceae","Ceramiales","Rhodomelaceae","Rhodomela"
"Florideophyceae","Gigartinales","Cystocloniaceae","Rhodophyllis"
"Florideophyceae","Palmariales","Rhodothamniellaceae","Rhodothamniella"
"Florideophyceae","Rhodymeniales","Rhodymeniaceae","Rhodymenia"
"Florideophyceae","Ceramiales","Rhodomelaceae","Rytiphlaea"
"Florideophyceae","Ceramiales","Delesseriaceae","Schizoseris"
"Florideophyceae","Nemastomatales","Schizymeniaceae","Schizymenia"
"Florideophyceae","Gigartinales","Phyllophoraceae","Schottera"
"Florideophyceae","Nemaliales","Scinaiaceae","Scinaia"
"Florideophyceae","Gigartinales","Solieriaceae","Solieria"
"Florideophyceae","Gigartinales","Peyssonneliaceae","Sonderopelta"
"Florideophyceae","Gigartinales","Sphaerococcaceae","Sphaerococcus"
"Florideophyceae","Ceramiales","Ceramiaceae","Spongoclonium"
"Florideophyceae","Gigartinales","Phyllophoraceae","Stenogramma"
"Florideophyceae","Ceramiales","Rhodomelaceae","Symphyocladia"
"Florideophyceae","Halymeniales","Halymeniaceae","Thamnoclonium"
"Florideophyceae","Plocamiales","Sarcodiaceae","Trematocarpus"
"Florideophyceae","Nemaliales","Galaxauraceae","Tricleocarpa"
"Florideophyceae","Gigartinales","Dicranemataceae","Tylotus"
"Florideophyceae","Ceramiales","Rhodomelaceae","Vertebrata"
"Florideophyceae","Gigartinales","Dumontiaceae","Weeksia"
"Florideophyceae","Ceramiales","Rhodomelaceae","Wrightiella"
"Florideophyceae","Nemaliales","Liagoraceae","Yamadaella"
"Florideophyceae","Ceramiales","Rhodomelaceae","Yuzurua"
